이름,학년,성별
전성훈,1,남
임현우,1,남
윤재현,1,남
오태민,1,남
맹준혁,1,남
황태호,1,남
허태민,1,남
서성진,1,남
안준형,1,남
방준혁,1,남
배태호,1,남
설건호,1,남
천우성,1,남
남우진,1,남
송유준,1,남
배민석,1,남
하태현,1,남
진선우,1,남
옹재민,1,남
범성준,1,남
안민호,1,남
하현우,1,남
소건호,1,남
소서진,1,남
강시윤,1,남
성준혁,1,남
현성민,1,남
서선우,1,남
안준수,1,남
양도윤,1,남
노예준,1,남
음재현,1,남
문태민,1,남
성태현,1,남
천우진,1,남
설성훈,1,남
류시후,1,남
권성준,1,남
안민성,1,남
전재훈,1,남
곽민준,1,남
차준혁,1,남
이시영,1,남
방동욱,1,남
정민성,1,남
최준형,1,남
길재민,1,남
한준희,1,남
권태민,1,남
문민석,1,남
탁우빈,1,남
배재현,1,남
범태민,1,남
권성훈,1,남
적성훈,1,남
곽승혁,1,남
서민준,1,남
인건호,1,남
자재윤,1,남
최준혁,1,남
양민석,1,남
현재현,1,남
곽우진,1,남
탁태호,1,남
권현석,1,남
진준수,1,남
홍준서,1,남
길민호,1,남
성재훈,1,남
봉준혁,1,남
도태민,1,남
최민호,1,남
황시후,1,남
자우성,1,남
류태호,1,남
류성민,1,남
한민석,1,남
권준혁,1,남
최현우,1,남
황태양,1,남
권우진,1,남
기지훈,1,남
소유준,2,남
제우진,2,남
적재현,2,남
치태호,2,남
반우성,2,남
사건호,2,남
남현우,2,남
김준영,2,남
편성훈,2,남
명민성,2,남
김도훈,2,남
정승현,2,남
범성훈,2,남
성시우,2,남
정우진,2,남
육태민,2,남
탁재민,2,남
권민호,2,남
황현우,2,남
소도경,2,남
맹민규,2,남
노준혁,2,남
구성진,2,남
송도경,2,남
한건우,2,남
조선우,2,남
최우성,2,남
신지후,2,남
사우진,2,남
양지환,2,남
표민규,2,남
성성진,2,남
남유준,2,남
황재윤,2,남
손지호,2,남
하동현,2,남
편시우,2,남
길민준,2,남
방우성,2,남
강민찬,2,남
신민재,2,남
허재민,2,남
서준희,2,남
범태준,2,남
진재현,2,남
인도경,2,남
치승현,2,남
류현우,2,남
파재윤,2,남
천민성,2,남
전건호,2,남
하민석,2,남
변우진,2,남
제유준,2,남
오성민,2,남
신성민,2,남
윤재영,2,남
명현우,2,남
맹성훈,2,남
원도경,2,남
허지훈,2,남
한성준,2,남
장성훈,2,남
함재윤,2,남
배서준,2,남
방준형,2,남
적우성,2,남
명성민,2,남
손우진,2,남
구민호,2,남
명우진,2,남
현승혁,2,남
이태민,2,남
서우진,2,남
사태민,2,남
하재훈,2,남
임재훈,2,남
곽시영,2,남
황민재,2,남
전서준,2,남
사유준,2,남
남재영,2,남
길도윤,3,남
현동현,3,남
백우진,3,남
박민재,3,남
진시윤,3,남
변시후,3,남
송태양,3,남
문현우,3,남
정동욱,3,남
음태호,3,남
송건호,3,남
서준호,3,남
허성훈,3,남
백시원,3,남
노성준,3,남
심우성,3,남
현현우,3,남
구지환,3,남
전태민,3,남
탁현우,3,남
하서준,3,남
옹시윤,3,남
맹태양,3,남
원건호,3,남
기도경,3,남
원도현,3,남
하성민,3,남
윤민호,3,남
맹현석,3,남
범시후,3,남
설도현,3,남
엄시윤,3,남
양준혁,3,남
자도현,3,남
전지환,3,남
봉재현,3,남
기우성,3,남
정도윤,3,남
전준형,3,남
옹준수,3,남
신태민,3,남
류재영,3,남
안태준,3,남
하성준,3,남
박민호,3,남
성재현,3,남
제건호,3,남
한태양,3,남
현도현,3,남
김민성,3,남
곽시우,3,남
정지후,3,남
권준희,3,남
김동현,3,남
현우진,3,남
조현석,3,남
구성민,3,남
최유준,3,남
심민성,3,남
사승현,3,남
배준혁,3,남
하준혁,3,남
심준혁,3,남
모준형,3,남
반현우,3,남
백시후,3,남
남동현,3,남
김현우,3,남
길우빈,3,남
모성준,3,남
표민호,3,남
파승현,3,남
장태민,3,남
황민규,3,남
하건호,3,남
하재민,3,남
류예준,3,남
서우주,3,남
손민찬,3,남
정시후,3,남
하태민,3,남
적서진,3,남
원민석,3,남
노준영,3,남
탁채원,1,여
류예은,1,여
제지연,1,여
오서아,1,여
자예솔,1,여
성다인,1,여
표예린,1,여
천채원,1,여
천서윤,1,여
범지민,1,여
송서현,1,여
육지은,1,여
신지아,1,여
길유나,1,여
엄다인,1,여
길유진,1,여
송지안,1,여
임서아,1,여
기예진,1,여
강수민,1,여
윤다은,1,여
길예린,1,여
최서윤,1,여
하서윤,1,여
엄지우,1,여
길서윤,1,여
하수민,1,여
배수빈,1,여
음서연,1,여
사하율,1,여
유유나,1,여
하서아,1,여
맹서영,1,여
안예빈,1,여
모지안,1,여
노예은,1,여
진하율,1,여
인예원,1,여
배서윤,1,여
한다빈,1,여
전지유,1,여
범지원,1,여
하하율,1,여
자지민,1,여
전하은,1,여
진예솔,1,여
표서윤,1,여
류민지,1,여
최하은,1,여
설하율,1,여
방예진,1,여
송하린,1,여
임하율,1,여
윤지우,1,여
자서율,1,여
천서율,1,여
최지율,1,여
방지연,1,여
소하율,1,여
전예나,1,여
윤지민,1,여
소예린,1,여
육지율,1,여
전서현,1,여
김서하,1,여
현지율,1,여
표다율,1,여
길하율,1,여
배지율,1,여
안다빈,1,여
파서영,1,여
류지율,1,여
송예린,1,여
임지연,1,여
자서현,1,여
최지안,1,여
오하린,1,여
유수빈,1,여
인다빈,1,여
길지아,1,여
현수민,1,여
사하윤,1,여
전예솔,2,여
황서영,2,여
홍서아,2,여
범다은,2,여
탁하율,2,여
임예진,2,여
유하윤,2,여
백지우,2,여
양서윤,2,여
문서현,2,여
황서현,2,여
봉지아,2,여
정서연,2,여
권서연,2,여
문수빈,2,여
엄예진,2,여
홍예린,2,여
설지연,2,여
남채은,2,여
안지아,2,여
모서아,2,여
모서윤,2,여
맹예빈,2,여
하서연,2,여
편하영,2,여
소서윤,2,여
김지율,2,여
적서윤,2,여
전민지,2,여
자서윤,2,여
노지율,2,여
양예진,2,여
원지율,2,여
백예린,2,여
제하은,2,여
전하윤,2,여
표서영,2,여
유서윤,2,여
송예나,2,여
정서영,2,여
홍지연,2,여
윤예은,2,여
하예린,2,여
오하윤,2,여
제하윤,2,여
적소율,2,여
진다은,2,여
문서아,2,여
문지원,2,여
유서연,2,여
범채은,2,여
천서현,2,여
양다인,2,여
방채원,2,여
엄지연,2,여
범지아,2,여
차수빈,2,여
곽예빈,2,여
모하율,2,여
송하율,2,여
양다빈,2,여
설지아,2,여
육예솔,2,여
전지민,2,여
권하율,2,여
기유진,2,여
박지안,2,여
맹지안,2,여
전다율,2,여
최민서,2,여
심하은,2,여
원다빈,2,여
류수빈,2,여
설예나,2,여
천다빈,2,여
임하은,2,여
서서현,2,여
장예빈,2,여
최지우,2,여
조다인,2,여
고예린,2,여
한하율,2,여
전예린,3,여
문지율,3,여
구지연,3,여
한유나,3,여
방서현,3,여
송예빈,3,여
원하영,3,여
강서영,3,여
현다인,3,여
백예빈,3,여
천수민,3,여
표지안,3,여
김하율,3,여
소하은,3,여
설예진,3,여
심서영,3,여
오지율,3,여
정다율,3,여
박예린,3,여
음수빈,3,여
차지원,3,여
길지연,3,여
곽서연,3,여
남지연,3,여
홍예은,3,여
하하은,3,여
명다인,3,여
양예린,3,여
정서윤,3,여
음다율,3,여
옹서윤,3,여
성다은,3,여
심서윤,3,여
홍지유,3,여
음예린,3,여
길예빈,3,여
유수아,3,여
길지우,3,여
허지연,3,여
장서연,3,여
서수민,3,여
음하윤,3,여
배윤서,3,여
백하은,3,여
장하영,3,여
임하윤,3,여
탁다율,3,여
인하은,3,여
양서연,3,여
조지우,3,여
사예나,3,여
하윤서,3,여
한예은,3,여
반하은,3,여
음서율,3,여
반예은,3,여
변지연,3,여
서지원,3,여
유예린,3,여
손예은,3,여
맹지우,3,여
제수빈,3,여
윤서연,3,여
조예진,3,여
소민서,3,여
고소율,3,여
방예린,3,여
양지연,3,여
인예나,3,여
탁서윤,3,여
설지은,3,여
최다빈,3,여
자다율,3,여
인서율,3,여
오지연,3,여
권서아,3,여
노서아,3,여
남예린,3,여
현서윤,3,여
문하영,3,여
남하린,3,여
설채원,3,여
류서율,3,여
소서현,3,여
