학생1,학생1학년,학생2,학생2학년
백우주,2,백유준,2
조민찬,2,구재영,2
윤지호,2,전우성,2
사태민,2,정재훈,2
정도훈,2,적우성,2
제준호,2,천현우,2
파재현,2,조태준,2
모성훈,2,옹성진,2
곽준희,2,성하준,2
이도훈,2,홍민호,2
심서영,2,류서윤,2
사다인,2,함서연,2
임예은,2,이다은,2
전다은,2,조다인,2
고민서,2,옹채은,2
강서연,2,신다은,2
전지안,2,백예빈,2
최예빈,2,적하율,2
제서연,2,범지은,2
한예원,2,곽다율,2
강현우,3,전준영,3
곽재윤,3,심건호,3
제지호,3,옹우성,3
자성진,3,치성준,3
차서진,3,도승현,3
최재현,3,황지환,3
함건우,3,표준서,3
제도훈,3,윤건우,3
소태호,3,이태준,3
적현우,3,이건우,3
원채원,3,표서영,3
정지안,3,기예진,3
하지우,3,기하은,3
육지민,3,성예린,3
구서윤,3,임예린,3
편지연,3,이소율,3
신서현,3,음예은,3
자서율,3,자예은,3
차지율,3,강예은,3
사하은,3,도지원,3
